Index,Name,last_name,email,gender,ip_address
1,Sibby,Gehrels,sgehrels0@earthlink.net,Female,202.163.188.135
2,Karin,Mulran,kmulran1@techcrunch.com,Female,160.131.170.201
3,Silvan,Ablett,sablett2@blogger.com,Male,208.242.3.221
4,Nappie,Gecks,ngecks3@freewebs.com,Male,185.57.164.213
5,Carson,Connock,cconnock4@nydailynews.com,Male,198.119.81.162
6,Jacquie,Titmus,jtitmus5@meetup.com,Female,14.58.169.50
7,Dorian,Tyrer,dtyrer6@zimbio.com,Female,39.169.121.128
8,Roxine,Goldsworthy,rgoldsworthy7@jimdo.com,Female,46.81.157.137
9,Baillie,Cockitt,bcockitt8@blinklist.com,Male,250.249.26.234
10,Isahella,Bonsul,ibonsul9@cnet.com,Female,180.19.145.43
11,Boy,Jendrach,bjendracha@webmd.com,Male,213.155.243.6
12,Chadwick,Offord,coffordb@narod.ru,Male,164.87.26.63
13,Ines,Blunsum,iblunsumc@pen.io,Female,1.36.135.40
14,Gwenny,Jiruch,gjiruchd@cpanel.net,Female,228.158.85.17
15,Avram,Hemshall,ahemshalle@google.ru,Male,143.187.87.72
16,Jilly,Woan,jwoanf@umich.edu,Female,148.209.187.235
17,Mathilde,Rainard,mrainardg@devhub.com,Female,45.10.172.161
18,Kellen,Purver,kpurverh@upenn.edu,Female,51.244.168.79
19,Kandace,Wolvey,kwolveyi@yolasite.com,Female,32.86.82.108
20,Shannon,Sive,ssivej@zimbio.com,Male,205.187.100.3
21,Deanna,Hanner,dhannerk@unblog.fr,Female,55.36.94.27
22,Reginald,Orman,rormanl@deviantart.com,Male,173.154.1.247
23,Lonnie,Johansen,ljohansenm@wikimedia.org,Female,84.94.39.201
24,Francisco,Gobbett,fgobbettn@phpbb.com,Male,132.227.233.174
25,Ilyssa,De Normanville,idenormanvilleo@so-net.ne.jp,Female,147.227.93.106
26,Tommy,Whiteway,twhitewayp@networkadvertising.org,Female,41.201.106.173
27,Hatty,Dabell,hdabellq@berkeley.edu,Female,194.67.203.114
28,Krissy,Grevile,kgreviler@xinhuanet.com,Female,66.169.144.98
29,Dulcea,Brade,dbrades@seesaa.net,Female,175.172.87.185
30,Welch,Mattek,wmattekt@ustream.tv,Male,115.220.199.167
31,Isaac,Amberson,iambersonu@cdbaby.com,Male,171.194.112.219
32,Terra,Le Floch,tleflochv@google.com.au,Female,231.147.4.58
33,Devonna,Kimbrey,dkimbreyw@creativecommons.org,Female,13.24.200.252
34,Rani,Moyle,rmoylex@cpanel.net,Female,2.113.94.192
35,Jenifer,de Quesne,jdequesney@nhs.uk,Female,240.218.188.121
36,Budd,Whybrow,bwhybrowz@blogtalkradio.com,Male,34.3.147.21
37,Osbert,Robertis,orobertis10@lulu.com,Male,36.50.183.204
38,Ring,Leverton,rleverton11@eventbrite.com,Male,8.50.251.23
39,Beth,Taig,btaig12@mozilla.com,Female,30.102.35.116
40,Grannie,Gimenez,ggimenez13@sina.com.cn,Male,122.221.179.172
41,Liam,Slaten,lslaten14@plala.or.jp,Male,1.67.183.193
42,Pepi,Patley,ppatley15@cdc.gov,Female,102.213.248.183
43,Samuele,Degoe,sdegoe16@usda.gov,Male,228.156.198.160
44,Rochelle,Da Costa,rdacosta17@sohu.com,Female,105.11.104.94
45,Theodora,Peascod,tpeascod18@mtv.com,Female,73.222.212.161
46,Julissa,Boich,jboich19@zimbio.com,Female,155.95.140.2
47,Janetta,Sapp,jsapp1a@indiatimes.com,Female,178.146.31.116
48,Brittney,Stead,bstead1b@yahoo.com,Female,32.9.54.5
49,Keeley,Lappin,klappin1c@yellowpages.com,Female,90.252.255.19
50,Jacinta,Westcarr,jwestcarr1d@upenn.edu,Female,122.197.3.41
51,Tod,Cossum,tcossum1e@mozilla.com,Male,252.145.223.1
52,Guendolen,Benzi,gbenzi1f@google.de,Female,147.129.12.187
53,Marcile,Hover,mhover1g@chronoengine.com,Female,180.200.12.83
54,Toby,Tuxwell,ttuxwell1h@e-recht24.de,Female,43.211.168.238
55,Maureene,Bretherick,mbretherick1i@comsenz.com,Female,222.86.217.167
56,Maurie,Bathersby,mbathersby1j@lycos.com,Male,206.107.101.247
57,Hailey,Caslake,hcaslake1k@globo.com,Male,155.5.77.131
58,Mattie,Habron,mhabron1l@prweb.com,Female,236.212.204.207
59,Val,Slatten,vslatten1m@mail.ru,Male,19.218.214.178
60,Kare,Eye,keye1n@over-blog.com,Female,119.22.202.175
61,Antonin,Haquard,ahaquard1o@soundcloud.com,Male,206.115.143.188
62,Reinaldos,Tidgewell,rtidgewell1p@nbcnews.com,Male,215.176.22.123
63,Joleen,McFall,jmcfall1q@thetimes.co.uk,Female,249.183.105.227
64,Morrie,Hawney,mhawney1r@hp.com,Male,253.95.17.233
65,Eugen,Hune,ehune1s@icio.us,Male,73.33.81.86
66,Fax,Attenborough,fattenborough1t@surveymonkey.com,Male,67.94.185.90
67,Wilmette,Brende,wbrende1u@twitpic.com,Female,243.46.13.66
68,Derwin,Karpf,dkarpf1v@hibu.com,Male,173.205.140.58
69,Steffen,Ayton,sayton1w@t.co,Male,133.55.195.95
70,Woodman,Shepperd,wshepperd1x@walmart.com,Male,73.224.71.174
71,Loise,Dalliwatr,ldalliwatr1y@com.com,Female,144.36.137.174
72,Rorke,Speares,rspeares1z@guardian.co.uk,Male,32.249.147.90
73,Sybil,Studders,sstudders20@godaddy.com,Female,112.223.126.60
74,Ben,Bowe,bbowe21@vinaora.com,Male,162.132.174.189
75,Dewitt,Kewzick,dkewzick22@chronoengine.com,Male,254.102.198.109
76,Alonso,Lynd,alynd23@discuz.net,Male,55.139.96.74
77,Niall,Worvill,nworvill24@ft.com,Male,112.53.112.158
78,David,Duguid,dduguid25@cnbc.com,Male,218.43.62.220
79,Katie,Edards,kedards26@techcrunch.com,Female,76.160.210.85
80,Axel,Summerside,asummerside27@purevolume.com,Male,40.1.241.196
81,Daveen,Bridgewood,dbridgewood28@omniture.com,Female,83.241.13.203
82,Marlie,Simeone,msimeone29@google.de,Female,255.190.225.160
83,Cart,Clail,cclail2a@yellowbook.com,Male,251.27.196.87
84,Venus,Durman,vdurman2b@networksolutions.com,Female,183.70.1.8
85,Anatole,Beeble,abeeble2c@qq.com,Male,64.116.99.3
86,Valentijn,Druery,vdruery2d@instagram.com,Male,94.242.242.59
87,Kellen,Everly,keverly2e@cornell.edu,Male,240.62.41.222
88,Kenyon,Buxsey,kbuxsey2f@yellowbook.com,Male,100.3.142.28
89,Rodina,Whewill,rwhewill2g@alexa.com,Female,217.150.136.8
90,Annissa,Klejin,aklejin2h@omniture.com,Female,108.55.253.241
91,Jobey,Leveridge,jleveridge2i@intel.com,Female,205.180.198.53
92,Samantha,Vittore,svittore2j@cbslocal.com,Female,28.223.176.87
93,My,Pockett,mpockett2k@dmoz.org,Male,195.188.95.99
94,Rubin,Lindenblatt,rlindenblatt2l@bigcartel.com,Male,145.224.105.201
95,Murial,Vossing,mvossing2m@shop-pro.jp,Female,95.138.17.116
96,Perrine,Nystrom,pnystrom2n@twitter.com,Female,95.234.232.45
97,Nita,MacAlpine,nmacalpine2o@dailymail.co.uk,Female,77.136.248.40
98,Celinka,Rosso,crosso2p@army.mil,Female,163.114.240.21
99,Garland,Slainey,gslainey2q@bravesites.com,Female,81.127.37.183
100,Annette,Vinten,avinten2r@hugedomains.com,Female,110.91.150.16